Workbook

Sheet Plan
A1: Projet « Tour de Babel » – Plan de projet
A2: La Villaine Bidouille · Chef de projet : Éric · Responsables techniques : Éric et Samuel (PCB) · Première version : 31 oct. 2026. Mettre à jour la colonne Statut (liste déroulante).
B3: ="Avancement global : "&TEXT(COUNTIF($F$6:$F$40,"Terminé")/COUNTA(B6:B40),"0%")
H4: Semaine du (lundi)
A5: N° | B5: Tâche | C5: Responsable | D5: Début | E5: Fin | F5: Statut | G5: Notes | H5: 46293 | I5: 46300 | J5: 46307 | K5: 46314 | L5: 46321
A6: 1. Décisions et lancement
A7: 1.1 | B7: Réunion de lancement : périmètre, rôles, point hebdomadaire | C7: Éric | F7: Terminé | G7: Projet démarré | H7: =IF(OR($D7="",$E7=""),"",IF(AND($D7<=H$5+6,$E7>=H$5),1,"")) | I7: =IF(OR($D7="",$E7=""),"",IF(AND($D7<=I$5+6,$E7>=I$5),1,"")) | J7: =IF(OR($D7="",$E7=""),"",IF(AND($D7<=J$5+6,$E7>=J$5),1,"")) | K7: =IF(OR($D7="",$E7=""),"",IF(AND($D7<=K$5+6,$E7>=K$5),1,"")) | L7: =IF(OR($D7="",$E7=""),"",IF(AND($D7<=L$5+6,$E7>=L$5),1,""))
A8: 1.2 | B8: Confirmer les langues des sons (FR, EN, ES, DE, gallo...) | C8: À attribuer | D8: 46296 | E8: 46302 | F8: En cours | G8: « À confirmer » dans le briefing. Statut à vérifier | H8: =IF(OR($D8="",$E8=""),"",IF(AND($D8<=H$5+6,$E8>=H$5),1,"")) | I8: =IF(OR($D8="",$E8=""),"",IF(AND($D8<=I$5+6,$E8>=I$5),1,"")) | J8: =IF(OR($D8="",$E8=""),"",IF(AND($D8<=J$5+6,$E8>=J$5),1,"")) | K8: =IF(OR($D8="",$E8=""),"",IF(AND($D8<=K$5+6,$E8>=K$5),1,"")) | L8: =IF(OR($D8="",$E8=""),"",IF(AND($D8<=L$5+6,$E8>=L$5),1,""))
A9: 1.3 | B9: Décider : écriture du profil sur la puce RFID à l'accueil dans la V1 ? | C9: Éric | D9: 46296 | E9: 46302 | F9: En cours | G9: Non défini dans le briefing. Suggestion : hors V1. Statut à vérifier | H9: =IF(OR($D9="",$E9=""),"",IF(AND($D9<=H$5+6,$E9>=H$5),1,"")) | I9: =IF(OR($D9="",$E9=""),"",IF(AND($D9<=I$5+6,$E9>=I$5),1,"")) | J9: =IF(OR($D9="",$E9=""),"",IF(AND($D9<=J$5+6,$E9>=J$5),1,"")) | K9: =IF(OR($D9="",$E9=""),"",IF(AND($D9<=K$5+6,$E9>=K$5),1,"")) | L9: =IF(OR($D9="",$E9=""),"",IF(AND($D9<=L$5+6,$E9>=L$5),1,""))
A10: 1.4 | B10: Convenir avec le partenaire du format et de la date de livraison des sons | C10: Éric | D10: 46296 | E10: 46302 | F10: En cours | G10: Statut à vérifier | H10: =IF(OR($D10="",$E10=""),"",IF(AND($D10<=H$5+6,$E10>=H$5),1,"")) | I10: =IF(OR($D10="",$E10=""),"",IF(AND($D10<=I$5+6,$E10>=I$5),1,"")) | J10: =IF(OR($D10="",$E10=""),"",IF(AND($D10<=J$5+6,$E10>=J$5),1,"")) | K10: =IF(OR($D10="",$E10=""),"",IF(AND($D10<=K$5+6,$E10>=K$5),1,"")) | L10: =IF(OR($D10="",$E10=""),"",IF(AND($D10<=L$5+6,$E10>=L$5),1,""))
A11: 1.5 | B11: Décider : décoration LED dans la V1 ou non | C11: À attribuer | D11: 46296 | E11: 46302 | F11: En cours | G11: « Si nécessaire » dans le briefing. Statut à vérifier | H11: =IF(OR($D11="",$E11=""),"",IF(AND($D11<=H$5+6,$E11>=H$5),1,"")) | I11: =IF(OR($D11="",$E11=""),"",IF(AND($D11<=I$5+6,$E11>=I$5),1,"")) | J11: =IF(OR($D11="",$E11=""),"",IF(AND($D11<=J$5+6,$E11>=J$5),1,"")) | K11: =IF(OR($D11="",$E11=""),"",IF(AND($D11<=K$5+6,$E11>=K$5),1,"")) | L11: =IF(OR($D11="",$E11=""),"",IF(AND($D11<=L$5+6,$E11>=L$5),1,""))
A12: 2. Prototype électronique (plaque d'essai)
A13: 2.1 | B13: Choisir et commander les composants (Arduino, DFPlayer, lecteur RFID + badges, capteurs, haut-parleur, alimentation) | C13: Éric / Samuel | E13: 46302 | F13: En cours | G13: Matériel en grande partie reçu. Lister ce qui manque | H13: =IF(OR($D13="",$E13=""),"",IF(AND($D13<=H$5+6,$E13>=H$5),1,"")) | I13: =IF(OR($D13="",$E13=""),"",IF(AND($D13<=I$5+6,$E13>=I$5),1,"")) | J13: =IF(OR($D13="",$E13=""),"",IF(AND($D13<=J$5+6,$E13>=J$5),1,"")) | K13: =IF(OR($D13="",$E13=""),"",IF(AND($D13<=K$5+6,$E13>=K$5),1,"")) | L13: =IF(OR($D13="",$E13=""),"",IF(AND($D13<=L$5+6,$E13>=L$5),1,""))
A14: 2.2 | B14: RFID : lire l'identifiant du badge de façon fiable | C14: Éric / Samuel | F14: Terminé | G14: D'après l'avancement du logiciel. Statut à vérifier | H14: =IF(OR($D14="",$E14=""),"",IF(AND($D14<=H$5+6,$E14>=H$5),1,"")) | I14: =IF(OR($D14="",$E14=""),"",IF(AND($D14<=I$5+6,$E14>=I$5),1,"")) | J14: =IF(OR($D14="",$E14=""),"",IF(AND($D14<=J$5+6,$E14>=J$5),1,"")) | K14: =IF(OR($D14="",$E14=""),"",IF(AND($D14<=K$5+6,$E14>=K$5),1,"")) | L14: =IF(OR($D14="",$E14=""),"",IF(AND($D14<=L$5+6,$E14>=L$5),1,""))
A15: 2.3 | B15: Audio : lire les fichiers de la carte SD avec le DFPlayer | C15: Éric / Samuel | F15: Terminé | G15: Statut à vérifier | H15: =IF(OR($D15="",$E15=""),"",IF(AND($D15<=H$5+6,$E15>=H$5),1,"")) | I15: =IF(OR($D15="",$E15=""),"",IF(AND($D15<=I$5+6,$E15>=I$5),1,"")) | J15: =IF(OR($D15="",$E15=""),"",IF(AND($D15<=J$5+6,$E15>=J$5),1,"")) | K15: =IF(OR($D15="",$E15=""),"",IF(AND($D15<=K$5+6,$E15>=K$5),1,"")) | L15: =IF(OR($D15="",$E15=""),"",IF(AND($D15<=L$5+6,$E15>=L$5),1,""))
A16: 2.4 | B16: Capteurs du haut de la tour : choix de la langue et lecture/pause | C16: Éric / Samuel | F16: Terminé | G16: Statut à vérifier | H16: =IF(OR($D16="",$E16=""),"",IF(AND($D16<=H$5+6,$E16>=H$5),1,"")) | I16: =IF(OR($D16="",$E16=""),"",IF(AND($D16<=I$5+6,$E16>=I$5),1,"")) | J16: =IF(OR($D16="",$E16=""),"",IF(AND($D16<=J$5+6,$E16>=J$5),1,"")) | K16: =IF(OR($D16="",$E16=""),"",IF(AND($D16<=K$5+6,$E16>=K$5),1,"")) | L16: =IF(OR($D16="",$E16=""),"",IF(AND($D16<=L$5+6,$E16>=L$5),1,""))
A17: 2.5 | B17: Assembler RFID, capteurs et audio sur une même plaque | C17: Éric / Samuel | F17: Terminé | G17: Statut à vérifier | H17: =IF(OR($D17="",$E17=""),"",IF(AND($D17<=H$5+6,$E17>=H$5),1,"")) | I17: =IF(OR($D17="",$E17=""),"",IF(AND($D17<=I$5+6,$E17>=I$5),1,"")) | J17: =IF(OR($D17="",$E17=""),"",IF(AND($D17<=J$5+6,$E17>=J$5),1,"")) | K17: =IF(OR($D17="",$E17=""),"",IF(AND($D17<=K$5+6,$E17>=K$5),1,"")) | L17: =IF(OR($D17="",$E17=""),"",IF(AND($D17<=L$5+6,$E17>=L$5),1,""))
A18: 3. Logiciel
A19: 3.1 | B19: Structure du programme : repos, badge détecté, lecture, pause | C19: Éric / Samuel | F19: Terminé | H19: =IF(OR($D19="",$E19=""),"",IF(AND($D19<=H$5+6,$E19>=H$5),1,"")) | I19: =IF(OR($D19="",$E19=""),"",IF(AND($D19<=I$5+6,$E19>=I$5),1,"")) | J19: =IF(OR($D19="",$E19=""),"",IF(AND($D19<=J$5+6,$E19>=J$5),1,"")) | K19: =IF(OR($D19="",$E19=""),"",IF(AND($D19<=K$5+6,$E19>=K$5),1,"")) | L19: =IF(OR($D19="",$E19=""),"",IF(AND($D19<=L$5+6,$E19>=L$5),1,""))
A20: 3.2 | B20: Associer l'identifiant du badge à un flux de langue (séquence de sons) | C20: Éric / Samuel | E20: 46309 | F20: En cours | G20: Presque terminé. Dépend du choix des langues | H20: =IF(OR($D20="",$E20=""),"",IF(AND($D20<=H$5+6,$E20>=H$5),1,"")) | I20: =IF(OR($D20="",$E20=""),"",IF(AND($D20<=I$5+6,$E20>=I$5),1,"")) | J20: =IF(OR($D20="",$E20=""),"",IF(AND($D20<=J$5+6,$E20>=J$5),1,"")) | K20: =IF(OR($D20="",$E20=""),"",IF(AND($D20<=K$5+6,$E20>=K$5),1,"")) | L20: =IF(OR($D20="",$E20=""),"",IF(AND($D20<=L$5+6,$E20>=L$5),1,""))
A21: 3.3 | B21: Lecture continue : fonctionner des heures sans défaut | C21: Éric / Samuel | D21: 46303 | E21: 46316 | F21: Non commencé | G21: Le briefing insiste sur la fiabilité | H21: =IF(OR($D21="",$E21=""),"",IF(AND($D21<=H$5+6,$E21>=H$5),1,"")) | I21: =IF(OR($D21="",$E21=""),"",IF(AND($D21<=I$5+6,$E21>=I$5),1,"")) | J21: =IF(OR($D21="",$E21=""),"",IF(AND($D21<=J$5+6,$E21>=J$5),1,"")) | K21: =IF(OR($D21="",$E21=""),"",IF(AND($D21<=K$5+6,$E21>=K$5),1,"")) | L21: =IF(OR($D21="",$E21=""),"",IF(AND($D21<=L$5+6,$E21>=L$5),1,""))
A22: 3.4 | B22: LED clignotantes (facultatif) | C22: À attribuer | D22: 46310 | E22: 46323 | F22: Non commencé | G22: Seulement si décidé en 1.5 | H22: =IF(OR($D22="",$E22=""),"",IF(AND($D22<=H$5+6,$E22>=H$5),1,"")) | I22: =IF(OR($D22="",$E22=""),"",IF(AND($D22<=I$5+6,$E22>=I$5),1,"")) | J22: =IF(OR($D22="",$E22=""),"",IF(AND($D22<=J$5+6,$E22>=J$5),1,"")) | K22: =IF(OR($D22="",$E22=""),"",IF(AND($D22<=K$5+6,$E22>=K$5),1,"")) | L22: =IF(OR($D22="",$E22=""),"",IF(AND($D22<=L$5+6,$E22>=L$5),1,""))
A23: 4. Contenu sonore
A24: 4.1 | B24: Le partenaire enregistre et rassemble les sons et histoires | C24: Partenaire contenu | D24: 46296 | E24: 46316 | F24: En cours | G24: Hors du contrôle du groupe. Relancer chaque semaine. Statut à vérifier | H24: =IF(OR($D24="",$E24=""),"",IF(AND($D24<=H$5+6,$E24>=H$5),1,"")) | I24: =IF(OR($D24="",$E24=""),"",IF(AND($D24<=I$5+6,$E24>=I$5),1,"")) | J24: =IF(OR($D24="",$E24=""),"",IF(AND($D24<=J$5+6,$E24>=J$5),1,"")) | K24: =IF(OR($D24="",$E24=""),"",IF(AND($D24<=K$5+6,$E24>=K$5),1,"")) | L24: =IF(OR($D24="",$E24=""),"",IF(AND($D24<=L$5+6,$E24>=L$5),1,""))
A25: 4.2 | B25: Trier et nommer les fichiers par langue pour le DFPlayer | C25: À attribuer | D25: 46310 | E25: 46319 | F25: Non commencé | H25: =IF(OR($D25="",$E25=""),"",IF(AND($D25<=H$5+6,$E25>=H$5),1,"")) | I25: =IF(OR($D25="",$E25=""),"",IF(AND($D25<=I$5+6,$E25>=I$5),1,"")) | J25: =IF(OR($D25="",$E25=""),"",IF(AND($D25<=J$5+6,$E25>=J$5),1,"")) | K25: =IF(OR($D25="",$E25=""),"",IF(AND($D25<=K$5+6,$E25>=K$5),1,"")) | L25: =IF(OR($D25="",$E25=""),"",IF(AND($D25<=L$5+6,$E25>=L$5),1,""))
A26: 4.3 | B26: Charger la carte SD et tester sur le prototype | C26: À attribuer | D26: 46317 | E26: 46323 | F26: Non commencé | H26: =IF(OR($D26="",$E26=""),"",IF(AND($D26<=H$5+6,$E26>=H$5),1,"")) | I26: =IF(OR($D26="",$E26=""),"",IF(AND($D26<=I$5+6,$E26>=I$5),1,"")) | J26: =IF(OR($D26="",$E26=""),"",IF(AND($D26<=J$5+6,$E26>=J$5),1,"")) | K26: =IF(OR($D26="",$E26=""),"",IF(AND($D26<=K$5+6,$E26>=K$5),1,"")) | L26: =IF(OR($D26="",$E26=""),"",IF(AND($D26<=L$5+6,$E26>=L$5),1,""))
A27: 5. Structure de la tour
A28: 5.1 | B28: Concevoir la tour : forme, compartiment électronique, position des capteurs | C28: Éric / Samuel | F28: Terminé | G28: Tour construite | H28: =IF(OR($D28="",$E28=""),"",IF(AND($D28<=H$5+6,$E28>=H$5),1,"")) | I28: =IF(OR($D28="",$E28=""),"",IF(AND($D28<=I$5+6,$E28>=I$5),1,"")) | J28: =IF(OR($D28="",$E28=""),"",IF(AND($D28<=J$5+6,$E28>=J$5),1,"")) | K28: =IF(OR($D28="",$E28=""),"",IF(AND($D28<=K$5+6,$E28>=K$5),1,"")) | L28: =IF(OR($D28="",$E28=""),"",IF(AND($D28<=L$5+6,$E28>=L$5),1,""))
A29: 5.2 | B29: Découpe laser d'un essai en carton pour vérifier l'ajustement | C29: Éric / Samuel | F29: Terminé | H29: =IF(OR($D29="",$E29=""),"",IF(AND($D29<=H$5+6,$E29>=H$5),1,"")) | I29: =IF(OR($D29="",$E29=""),"",IF(AND($D29<=I$5+6,$E29>=I$5),1,"")) | J29: =IF(OR($D29="",$E29=""),"",IF(AND($D29<=J$5+6,$E29>=J$5),1,"")) | K29: =IF(OR($D29="",$E29=""),"",IF(AND($D29<=K$5+6,$E29>=K$5),1,"")) | L29: =IF(OR($D29="",$E29=""),"",IF(AND($D29<=L$5+6,$E29>=L$5),1,""))
A30: 5.3 | B30: Découper et assembler la tour définitive | C30: Éric / Samuel | F30: Terminé | G30: Tour construite | H30: =IF(OR($D30="",$E30=""),"",IF(AND($D30<=H$5+6,$E30>=H$5),1,"")) | I30: =IF(OR($D30="",$E30=""),"",IF(AND($D30<=I$5+6,$E30>=I$5),1,"")) | J30: =IF(OR($D30="",$E30=""),"",IF(AND($D30<=J$5+6,$E30>=J$5),1,"")) | K30: =IF(OR($D30="",$E30=""),"",IF(AND($D30<=K$5+6,$E30>=K$5),1,"")) | L30: =IF(OR($D30="",$E30=""),"",IF(AND($D30<=L$5+6,$E30>=L$5),1,""))
A31: 5.4 | B31: Installer l'électronique, le haut-parleur et les capteurs dans la tour | C31: Éric / Samuel | D31: 46296 | E31: 46309 | F31: En cours | H31: =IF(OR($D31="",$E31=""),"",IF(AND($D31<=H$5+6,$E31>=H$5),1,"")) | I31: =IF(OR($D31="",$E31=""),"",IF(AND($D31<=I$5+6,$E31>=I$5),1,"")) | J31: =IF(OR($D31="",$E31=""),"",IF(AND($D31<=J$5+6,$E31>=J$5),1,"")) | K31: =IF(OR($D31="",$E31=""),"",IF(AND($D31<=K$5+6,$E31>=K$5),1,"")) | L31: =IF(OR($D31="",$E31=""),"",IF(AND($D31<=L$5+6,$E31>=L$5),1,""))
A32: 6. Circuit imprimé (PCB)
A33: 6.1 | B33: Dessiner le schéma à partir de la plaque d'essai | C33: Samuel | E33: 46302 | F33: En cours | G33: Statut à vérifier | H33: =IF(OR($D33="",$E33=""),"",IF(AND($D33<=H$5+6,$E33>=H$5),1,"")) | I33: =IF(OR($D33="",$E33=""),"",IF(AND($D33<=I$5+6,$E33>=I$5),1,"")) | J33: =IF(OR($D33="",$E33=""),"",IF(AND($D33<=J$5+6,$E33>=J$5),1,"")) | K33: =IF(OR($D33="",$E33=""),"",IF(AND($D33<=K$5+6,$E33>=K$5),1,"")) | L33: =IF(OR($D33="",$E33=""),"",IF(AND($D33<=L$5+6,$E33>=L$5),1,""))
A34: 6.2 | B34: DÉCISION : PCB dans la V1 ou plus tard ? | C34: Éric / Samuel | D34: 46309 | E34: 46309 | F34: Non commencé | G34: Fabrication et livraison peuvent dépasser le 31 oct. Plan B : carte de prototype en V1, PCB en V2 | H34: =IF(OR($D34="",$E34=""),"",IF(AND($D34<=H$5+6,$E34>=H$5),1,"")) | I34: =IF(OR($D34="",$E34=""),"",IF(AND($D34<=I$5+6,$E34>=I$5),1,"")) | J34: =IF(OR($D34="",$E34=""),"",IF(AND($D34<=J$5+6,$E34>=J$5),1,"")) | K34: =IF(OR($D34="",$E34=""),"",IF(AND($D34<=K$5+6,$E34>=K$5),1,"")) | L34: =IF(OR($D34="",$E34=""),"",IF(AND($D34<=L$5+6,$E34>=L$5),1,""))
A35: 6.3 | B35: Router et commander la carte | C35: Samuel | D35: 46303 | E35: 46312 | F35: Non commencé | G35: Seulement si le PCB reste dans la V1 | H35: =IF(OR($D35="",$E35=""),"",IF(AND($D35<=H$5+6,$E35>=H$5),1,"")) | I35: =IF(OR($D35="",$E35=""),"",IF(AND($D35<=I$5+6,$E35>=I$5),1,"")) | J35: =IF(OR($D35="",$E35=""),"",IF(AND($D35<=J$5+6,$E35>=J$5),1,"")) | K35: =IF(OR($D35="",$E35=""),"",IF(AND($D35<=K$5+6,$E35>=K$5),1,"")) | L35: =IF(OR($D35="",$E35=""),"",IF(AND($D35<=L$5+6,$E35>=L$5),1,""))
A36: 6.4 | B36: Assembler et tester la carte | C36: Samuel | D36: 46313 | E36: 46323 | F36: Non commencé | G36: Seulement si le PCB reste dans la V1 | H36: =IF(OR($D36="",$E36=""),"",IF(AND($D36<=H$5+6,$E36>=H$5),1,"")) | I36: =IF(OR($D36="",$E36=""),"",IF(AND($D36<=I$5+6,$E36>=I$5),1,"")) | J36: =IF(OR($D36="",$E36=""),"",IF(AND($D36<=J$5+6,$E36>=J$5),1,"")) | K36: =IF(OR($D36="",$E36=""),"",IF(AND($D36<=K$5+6,$E36>=K$5),1,"")) | L36: =IF(OR($D36="",$E36=""),"",IF(AND($D36<=L$5+6,$E36>=L$5),1,""))
A37: 7. Essais et livraison
A38: 7.1 | B38: Essai complet de la tour assemblée | C38: Éric | D38: 46317 | E38: 46324 | F38: Non commencé | H38: =IF(OR($D38="",$E38=""),"",IF(AND($D38<=H$5+6,$E38>=H$5),1,"")) | I38: =IF(OR($D38="",$E38=""),"",IF(AND($D38<=I$5+6,$E38>=I$5),1,"")) | J38: =IF(OR($D38="",$E38=""),"",IF(AND($D38<=J$5+6,$E38>=J$5),1,"")) | K38: =IF(OR($D38="",$E38=""),"",IF(AND($D38<=K$5+6,$E38>=K$5),1,"")) | L38: =IF(OR($D38="",$E38=""),"",IF(AND($D38<=L$5+6,$E38>=L$5),1,""))
A39: 7.2 | B39: Essai avec quelques bénévoles, relevé des problèmes | C39: Éric | D39: 46324 | E39: 46325 | F39: Non commencé | H39: =IF(OR($D39="",$E39=""),"",IF(AND($D39<=H$5+6,$E39>=H$5),1,"")) | I39: =IF(OR($D39="",$E39=""),"",IF(AND($D39<=I$5+6,$E39>=I$5),1,"")) | J39: =IF(OR($D39="",$E39=""),"",IF(AND($D39<=J$5+6,$E39>=J$5),1,"")) | K39: =IF(OR($D39="",$E39=""),"",IF(AND($D39<=K$5+6,$E39>=K$5),1,"")) | L39: =IF(OR($D39="",$E39=""),"",IF(AND($D39<=L$5+6,$E39>=L$5),1,""))
A40: 7.3 | B40: Première version prête | C40: Éric | D40: 46326 | E40: 46326 | F40: Non commencé | G40: Jalon | H40: =IF(OR($D40="",$E40=""),"",IF(AND($D40<=H$5+6,$E40>=H$5),1,"")) | I40: =IF(OR($D40="",$E40=""),"",IF(AND($D40<=I$5+6,$E40>=I$5),1,"")) | J40: =IF(OR($D40="",$E40=""),"",IF(AND($D40<=J$5+6,$E40>=J$5),1,"")) | K40: =IF(OR($D40="",$E40=""),"",IF(AND($D40<=K$5+6,$E40>=K$5),1,"")) | L40: =IF(OR($D40="",$E40=""),"",IF(AND($D40<=L$5+6,$E40>=L$5),1,""))

Sheet Synthèse
A1: Avancement par phase
A3: Phase | B3: Tâches | C3: Terminées | D3: En cours | E3: Bloquées | F3: % terminé
A4: 1. Décisions et lancement | B4: =COUNTA(Plan!B7:B11) | C4: =COUNTIF(Plan!F7:F11,"Terminé") | D4: =COUNTIF(Plan!F7:F11,"En cours") | E4: =COUNTIF(Plan!F7:F11,"Bloqué") | F4: =C4/B4
A5: 2. Prototype électronique (plaque d'essai) | B5: =COUNTA(Plan!B13:B17) | C5: =COUNTIF(Plan!F13:F17,"Terminé") | D5: =COUNTIF(Plan!F13:F17,"En cours") | E5: =COUNTIF(Plan!F13:F17,"Bloqué") | F5: =C5/B5
A6: 3. Logiciel | B6: =COUNTA(Plan!B19:B22) | C6: =COUNTIF(Plan!F19:F22,"Terminé") | D6: =COUNTIF(Plan!F19:F22,"En cours") | E6: =COUNTIF(Plan!F19:F22,"Bloqué") | F6: =C6/B6
A7: 4. Contenu sonore | B7: =COUNTA(Plan!B24:B26) | C7: =COUNTIF(Plan!F24:F26,"Terminé") | D7: =COUNTIF(Plan!F24:F26,"En cours") | E7: =COUNTIF(Plan!F24:F26,"Bloqué") | F7: =C7/B7
A8: 5. Structure de la tour | B8: =COUNTA(Plan!B28:B31) | C8: =COUNTIF(Plan!F28:F31,"Terminé") | D8: =COUNTIF(Plan!F28:F31,"En cours") | E8: =COUNTIF(Plan!F28:F31,"Bloqué") | F8: =C8/B8
A9: 6. Circuit imprimé (PCB) | B9: =COUNTA(Plan!B33:B36) | C9: =COUNTIF(Plan!F33:F36,"Terminé") | D9: =COUNTIF(Plan!F33:F36,"En cours") | E9: =COUNTIF(Plan!F33:F36,"Bloqué") | F9: =C9/B9
A10: 7. Essais et livraison | B10: =COUNTA(Plan!B38:B40) | C10: =COUNTIF(Plan!F38:F40,"Terminé") | D10: =COUNTIF(Plan!F38:F40,"En cours") | E10: =COUNTIF(Plan!F38:F40,"Bloqué") | F10: =C10/B10
A11: Ensemble du projet | B11: =SUM(B4:B10) | C11: =SUM(C4:C10) | D11: =SUM(D4:D10) | E11: =SUM(E4:E10) | F11: =C11/B11
A14: Jalons
A15: Décisions prises (langues, profil RFID, LED, format du contenu) | B15: 46302
A16: PCB : décision oui / non pour la V1 | B16: 46309
A17: Logiciel terminé et testé en lecture continue | B17: 46316
A18: Fichiers sonores chargés et testés | B18: 46323
A19: Première version prête | B19: 46326

Sheet Risques et points ouverts
A1: Risques et points ouverts
A3: Type | B3: Point | C3: Action proposée
A4: Risque | B4: PCB : délai de fabrication et de livraison par rapport au 31 oct. | C4: Samuel confirme le délai de commande. Décision le 14 oct. Plan B : carte de prototype en V1
A5: Risque | B5: Le contenu sonore dépend du partenaire, hors du contrôle du groupe | C5: Fixer une date de livraison et relancer chaque semaine. Tester avec des sons provisoires
A6: Risque | B6: Composants encore manquants | C6: Lister ce qui manque et commander cette semaine
A7: Risque | B7: Lecture continue : fiabilité non encore prouvée sur la durée | C7: Essai de plusieurs heures avant le 21 oct.
A8: Ouvert | B8: Liste définitive des langues (gallo inclus ?) | C8: Confirmer
A9: Ouvert | B9: Profil écrit sur la puce RFID à l'accueil : dans la V1 ? | C9: Décider. Non défini dans le briefing
A10: Ouvert | B10: Qui s'occupe de quoi ? Plusieurs tâches sont « À attribuer » | C10: Répartir à la prochaine réunion
A11: Ouvert | B11: Qui est le partenaire de contenu et quel format de fichier livre-t-il ? | C11: Éric confirme
